validdate,leisure_biking:idx,snow_depth:cm,t_2m:C,precip_24h:mm,weather_symbol_1h:idx,effective_cloud_cover:octas
2021-01-01T14:00:00Z,0.0,27.438461,-0.34615386,2.3023076,4.1538463,8.0
2021-01-02T14:00:00Z,0.0,27.823076,1.0923077,2.3815384,3.8461537,7.3846154
2021-01-03T14:00:00Z,0.0,28.315384,-0.23846154,3.3838463,3.7692308,7.0
2021-01-04T14:00:00Z,0.046153847,28.746153,-0.43846154,0.3123077,3.6923077,5.076923
2021-01-05T14:00:00Z,0.03846154,28.892307,-1.8,0.66384614,3.1538463,6.0
2021-01-06T14:00:00Z,0.015384615,29.246153,-2.9,2.02,4.3846154,6.769231
2021-01-07T14:00:00Z,0.053846154,29.061539,-2.8076923,0.033076923,1.1538461,0.3846154
2021-01-08T14:00:00Z,0.0,28.86923,-4.123077,0.026923077,1.4615384,0.07692308
2021-01-09T14:00:00Z,0.0,29.10769,-1.8153846,0.0,2.8461537,5.6153846
2021-01-10T14:00:00Z,0.0,29.115385,-2.0692308,0.0046153846,1.0,0.0
2021-01-11T14:00:00Z,0.0,28.9,-1.9076923,0.0,1.0,0.0
2021-01-12T14:00:00Z,0.03846154,30.607693,-0.38461536,1.1176924,5.3076925,8.0
2021-01-13T14:00:00Z,0.10769231,40.53077,0.14615387,7.743077,2.6923077,3.4615386
2021-01-14T14:00:00Z,0.1,56.23077,1.0615385,18.723078,5.4615383,6.5384617
2021-01-15T14:00:00Z,0.03846154,60.676926,-1.4923078,6.6338463,4.076923,7.0
2021-01-16T14:00:00Z,0.10769231,59.876923,-2.8923078,0.016153846,2.0,2.7692308
2021-01-17T14:00:00Z,0.03846154,60.153847,-1.8615384,3.4407692,5.4615383,8.0
2021-01-18T14:00:00Z,0.09615385,60.284615,-1.5,1.1307693,1.0769231,0.23076923
2021-01-19T14:00:00Z,0.10769231,58.70769,1.7615385,0.0,1.6923077,2.4615386
2021-01-20T14:00:00Z,0.14615384,56.99231,2.1076922,0.0,1.6923077,2.3076923
2021-01-21T14:00:00Z,0.026923077,55.83077,2.823077,1.9992307,4.3846154,6.8461537
2021-01-22T14:00:00Z,0.0,54.7,3.4384615,6.6592307,5.5384617,7.6923075
2021-01-23T14:00:00Z,0.11153846,57.1,0.3461538,9.234615,3.5384614,5.5384617
2021-01-24T14:00:00Z,0.08846154,56.715385,-2.0538461,1.5176923,1.2307693,0.9230769
2021-01-25T14:00:00Z,0.07692307,58.5,-3.1615384,3.5846155,5.1538463,6.4615383
2021-01-26T14:00:00Z,0.08461539,60.43077,-3.4230769,0.76,2.3076923,3.1538463
2021-01-27T14:00:00Z,0.0,67.13846,-0.26153845,4.236923,6.3076925,8.0
2021-01-28T14:00:00Z,0.103846155,82.176926,4.4384613,26.876154,5.3846154,7.076923
2021-01-29T14:00:00Z,0.115384616,80.53846,3.3846154,15.022307,5.3846154,6.0
2021-01-30T14:00:00Z,0.0,80.815384,3.4615386,8.46,5.6153846,8.0
2021-01-31T14:00:00Z,0.2653846,79.53077,3.4384615,3.5846155,1.6153846,1.8461539
2021-02-01T14:00:00Z,0.08076923,79.784615,3.0615385,4.8392305,5.230769,8.0
2021-02-02T14:00:00Z,0.115384616,79.43077,5.4153843,4.7353845,5.076923,6.1538463
2021-02-03T14:00:00Z,0.07692308,76.69231,5.2153845,5.8892307,4.4615383,7.4615383
2021-02-04T14:00:00Z,0.12307693,75.184616,6.2384615,2.43,4.076923,7.769231
2021-02-05T14:00:00Z,0.13846155,73.04615,7.330769,0.56153846,5.230769,6.1538463
2021-02-06T14:00:00Z,0.18076923,71.6,6.353846,0.31461537,3.4615386,6.3076925
2021-02-07T14:00:00Z,0.0076923077,73.88461,2.5,10.561539,6.3846154,8.0
2021-02-08T14:00:00Z,0.13846155,77.97692,1.5,5.4061537,2.6153846,2.0
2021-02-09T14:00:00Z,0.1,77.09231,1.6615385,1.0984615,2.6153846,4.6153846
2021-02-10T14:00:00Z,0.09615385,77.90769,1.9692308,3.2,5.3076925,6.769231
2021-02-11T14:00:00Z,0.11153846,78.08462,-1.7615384,0.5576923,1.0,0.0
2021-02-12T14:00:00Z,0.0,77.63077,-1.0538461,0.041538462,3.3076923,6.076923
2021-02-13T14:00:00Z,0.0,77.98462,-4.0153847,0.14615385,1.0,0.0
2021-02-14T14:00:00Z,0.053846154,77.284615,-2.5076923,0.0,1.3846154,1.5384616
2021-02-15T14:00:00Z,0.0,76.65385,1.9461539,0.073076926,5.923077,8.0
2021-02-16T14:00:00Z,0.28846154,74.36923,6.830769,1.803077,2.4615386,4.5384617
2021-02-17T14:00:00Z,0.33846155,74.276924,5.476923,1.7776923,1.3076923,0.9230769
2021-02-18T14:00:00Z,0.30769232,73.38461,5.5923076,0.0,2.8461537,5.3846154
2021-02-19T14:00:00Z,0.35384616,72.253845,6.730769,0.24153847,1.9230769,3.3846154
2021-02-20T14:00:00Z,0.3423077,71.284615,7.753846,0.0,1.4615384,1.6153846
2021-02-21T14:00:00Z,0.3576923,70.4,7.830769,0.0,1.0769231,0.15384616
2021-02-22T14:00:00Z,0.35384616,69.6,7.9,0.0,2.0769231,3.3076923
2021-02-23T14:00:00Z,0.3846154,67.284615,9.630769,0.0,1.5384616,1.4615384
2021-02-24T14:00:00Z,0.4,65.738464,10.376923,0.0,1.0,0.0
2021-02-25T14:00:00Z,0.4,65.215385,10.6,0.0,1.0,0.0
2021-02-26T14:00:00Z,0.31538463,63.892307,9.353847,0.0,2.0769231,3.0
2021-02-27T14:00:00Z,0.30769232,62.646152,6.4076924,0.21230769,1.4615384,1.3076923
2021-02-28T14:00:00Z,0.34615386,61.661537,6.3846154,0.0,1.0,0.0
2021-03-01T14:00:00Z,0.34615386,61.50769,6.453846,0.0,1.0,0.0
2021-03-02T14:00:00Z,0.36153847,61.26154,7.9076924,0.0,1.6923077,2.7692308
2021-03-03T14:00:00Z,0.3923077,61.00769,8.638462,0.0,1.1538461,0.6923077
2021-03-04T14:00:00Z,0.28846154,59.692307,6.4615383,0.15153846,2.3846154,3.6153846
2021-03-05T14:00:00Z,0.25384614,60.29231,4.315385,1.3030769,3.2307692,2.6153846
2021-03-06T14:00:00Z,0.25384614,59.66923,3.4230769,0.40384614,1.2307693,0.61538464
2021-03-07T14:00:00Z,0.17692308,59.576923,3.7538462,0.38923076,3.0,3.0
2021-03-08T14:00:00Z,0.3,59.453846,4.1076922,0.5784615,1.3846154,1.0
2021-03-09T14:00:00Z,0.20769231,59.423077,2.646154,0.6046154,5.3076925,8.0
2021-03-10T14:00:00Z,0.33846155,59.26923,3.5846152,0.08615384,1.3076923,0.84615386
2021-03-11T14:00:00Z,0.18461539,57.6,7.9461536,0.58692306,3.4615386,6.230769
2021-03-12T14:00:00Z,0.26923075,59.153847,4.4384613,7.352308,3.0769231,2.6153846
2021-03-13T14:00:00Z,0.20384616,58.392307,5.1307693,0.49846154,3.1538463,5.076923
2021-03-14T14:00:00Z,0.092307694,62.784615,1.1230769,7.1923075,5.0,6.6923075
2021-03-15T14:00:00Z,0.1,73.738464,2.476923,10.95,5.6153846,6.769231
2021-03-16T14:00:00Z,0.20384616,80.42308,0.8230769,3.9046154,3.3846154,5.3846154
2021-03-17T14:00:00Z,0.17307693,80.215385,1.5461539,1.8376923,3.3076923,4.6923075
2021-03-18T14:00:00Z,0.17307691,78.638466,-0.14615384,1.0161538,1.3076923,0.9230769
2021-03-19T14:00:00Z,0.17692308,76.9,0.1692308,0.41769233,3.9230769,6.1538463
2021-03-20T14:00:00Z,0.1423077,76.0,-0.53846157,0.06846154,1.0,0.15384616
2021-03-21T14:00:00Z,0.23846154,75.43077,1.9384615,0.21846154,3.6153846,6.1538463
2021-03-22T14:00:00Z,0.2423077,75.04615,2.9538462,0.14846154,2.7692308,4.923077
2021-03-23T14:00:00Z,0.32307693,73.43846,5.276923,0.0,1.0,0.0
2021-03-24T14:00:00Z,0.3846154,71.707695,7.276923,0.0,1.0,0.0
2021-03-25T14:00:00Z,0.28846154,69.83846,7.9692307,0.00076923077,2.4615386,4.1538463
2021-03-26T14:00:00Z,0.36923075,67.13846,8.023077,0.005384615,2.2307692,3.4615386
2021-03-27T14:00:00Z,0.2769231,66.46923,5.276923,5.5915384,2.1538463,3.0
2021-03-28T14:00:00Z,0.42307693,64.638466,8.2,0.0,1.6923077,2.5384614
2021-03-29T14:00:00Z,0.5,62.015385,12.053846,0.0,1.1538461,0.7692308
2021-03-30T14:00:00Z,0.48846152,58.70769,13.753846,0.0023076923,2.0,2.8461537
2021-03-31T14:00:00Z,0.5076923,56.05385,13.346154,0.0015384615,1.0,0.0
2021-04-01T14:00:00Z,0.5192308,52.82308,13.546154,0.003076923,1.0,0.0
2021-04-02T14:00:00Z,0.46153846,49.153847,12.161538,0.13076924,1.2307693,0.6923077
2021-04-03T14:00:00Z,0.31923077,48.569233,5.9615383,0.011538461,1.6153846,1.6923077
2021-04-04T14:00:00Z,0.38846153,48.223076,6.7615385,0.0,1.0769231,0.23076923
2021-04-05T14:00:00Z,0.29999998,46.26923,8.2615385,0.0,3.6153846,7.0
2021-04-06T14:00:00Z,0.1423077,47.892307,-0.7923077,2.1446154,2.2307692,3.3076923
2021-04-07T14:00:00Z,0.11923077,48.2,-1.5384616,1.0184616,2.6153846,4.230769
2021-04-08T14:00:00Z,0.34615386,47.984615,4.023077,0.023076924,1.0,0.0
2021-04-09T14:00:00Z,0.30384615,46.476925,7.1076922,0.0015384615,2.4615386,3.9230769
2021-04-10T14:00:00Z,0.31538463,45.43846,7.584615,0.65,2.6153846,4.3846154
2021-04-11T14:00:00Z,0.2423077,44.138462,7.692308,1.3446155,3.4615386,4.076923
2021-04-12T14:00:00Z,0.13846155,47.746155,3.3923075,11.4800005,5.3076925,6.0
2021-04-13T14:00:00Z,0.21153846,47.276924,2.8615384,0.7507692,2.2307692,2.4615386
2021-04-14T14:00:00Z,0.2923077,47.192307,3.4538462,0.03,1.3076923,0.9230769
2021-04-15T14:00:00Z,0.21153846,47.76154,2.9384615,2.3100002,3.6153846,5.3076925
2021-04-16T14:00:00Z,0.31153846,47.607693,4.169231,0.2530769,1.7692307,0.9230769
2021-04-17T14:00:00Z,0.33846155,47.146152,5.1769233,0.0,2.6153846,4.5384617
2021-04-18T14:00:00Z,0.30769232,46.73077,5.2846155,0.35076922,1.6153846,1.7692307
2021-04-19T14:00:00Z,0.37307692,46.284615,6.3384614,0.14692308,1.8461539,2.3076923
2021-04-20T14:00:00Z,0.43076923,45.276924,7.976923,0.22461538,1.0,0.07692308
2021-04-21T14:00:00Z,0.30384615,43.284615,8.776923,1.0207692,3.4615386,3.3076923
2021-04-22T14:00:00Z,0.43461537,40.492306,9.376923,1.3830769,1.1538461,0.46153846
2021-04-23T14:00:00Z,0.44230768,37.43077,10.384615,0.08384615,1.0,0.15384616
2021-04-24T14:00:00Z,0.46923077,35.907692,11.746154,0.0,1.2307693,0.7692308
2021-04-25T14:00:00Z,0.52307695,32.623077,12.0,0.0,1.3076923,1.3076923
2021-04-26T14:00:00Z,0.3653846,32.161537,10.0,3.3592308,3.0,5.3846154
2021-04-27T14:00:00Z,0.48846152,29.046154,10.230769,0.0,1.6923077,1.9230769
2021-04-28T14:00:00Z,0.22307692,28.307693,10.084616,0.5446154,5.4615383,7.769231
2021-04-29T14:00:00Z,0.21923077,27.523077,8.438461,5.166154,4.4615383,7.8461537
2021-04-30T14:00:00Z,0.10769231,24.938461,9.1,12.406154,4.3076925,7.8461537
2021-05-01T14:00:00Z,0.0,24.407692,7.692308,16.201538,5.1538463,8.0
2021-05-02T14:00:00Z,0.21153846,26.96923,6.6076922,17.612307,3.7692308,4.769231
2021-05-03T14:00:00Z,0.45384616,25.246155,8.138461,0.48615384,1.0,0.0
2021-05-04T14:00:00Z,0.38846153,23.246155,10.107693,0.00076923077,2.6153846,4.3076925
2021-05-05T14:00:00Z,0.30769232,23.346153,7.3230767,6.3430767,3.3076923,4.076923
2021-05-06T14:00:00Z,0.12692307,22.138462,7.5076923,5.4215384,4.923077,8.0
2021-05-07T14:00:00Z,0.30769232,23.26923,7.676923,12.809231,4.1538463,4.3076925
2021-05-08T14:00:00Z,0.5538461,20.715384,11.607693,0.15307693,2.0769231,3.5384614
2021-05-09T14:00:00Z,0.59615386,17.930769,14.476923,0.013846154,1.8461539,2.3846154
2021-05-10T14:00:00Z,0.17692308,17.484615,11.730769,6.233846,5.4615383,7.769231
2021-05-11T14:00:00Z,0.015384615,16.515385,8.746154,30.991539,5.923077,8.0
2021-05-12T14:00:00Z,0.44615385,16.307693,10.192307,9.471539,3.2307692,5.923077
2021-05-13T14:00:00Z,0.2576923,14.976923,9.361539,3.886154,4.6923075,6.076923
2021-05-14T14:00:00Z,0.16923077,13.33077,10.1,2.876923,5.8461537,5.230769
2021-05-15T14:00:00Z,0.13076922,13.146153,8.13077,4.1592307,6.769231,8.0
2021-05-16T14:00:00Z,0.21153846,12.2384615,8.915384,11.825384,4.3846154,7.923077
2021-05-17T14:00:00Z,0.23846154,12.392307,9.307693,11.514615,4.769231,5.769231
2021-05-18T14:00:00Z,0.42692307,11.230769,10.484615,4.81,3.6153846,5.5384617
2021-05-19T14:00:00Z,0.24615385,11.415385,8.353847,5.190769,5.8461537,5.0
2021-05-20T14:00:00Z,0.48076922,9.607692,10.153846,1.41,1.6153846,1.5384616
2021-05-21T14:00:00Z,0.16153847,8.823077,10.692307,4.536154,4.6153846,7.230769
2021-05-22T14:00:00Z,0.44615385,8.692307,11.061539,15.28923,2.8461537,4.8461537
2021-05-23T14:00:00Z,0.56153846,8.984615,10.7615385,11.807693,1.3846154,1.4615384
2021-05-24T14:00:00Z,0.16538462,8.253846,10.323077,5.5176926,4.4615383,7.8461537
2021-05-25T14:00:00Z,0.45000002,8.13077,9.6,5.192308,1.3076923,0.9230769
2021-05-26T14:00:00Z,0.48076922,6.969231,11.853847,0.0023076923,3.2307692,5.8461537
2021-05-27T14:00:00Z,0.45000002,6.1846156,10.838462,1.9423077,3.0769231,4.769231
2021-05-28T14:00:00Z,0.74615383,5.0923076,14.692307,0.0,1.0769231,0.30769232
2021-05-29T14:00:00Z,0.49615386,5.0461535,13.684615,0.06615385,3.6923077,4.076923
2021-05-30T14:00:00Z,0.6769231,3.7923076,14.092308,0.17615385,1.0769231,0.23076923
2021-05-31T14:00:00Z,0.74615383,2.8076923,14.961538,0.0,1.0769231,0.53846157
2021-06-01T14:00:00Z,0.7923077,2.1307693,16.953846,0.0,1.0,0.0
2021-06-02T14:00:00Z,0.36153847,2.0538461,15.561539,1.2230769,6.0,6.4615383
2021-06-03T14:00:00Z,0.8,1.3538462,18.023077,0.43384615,1.7692307,2.6153846
2021-06-04T14:00:00Z,0.7807692,0.4,18.507692,1.0153846,1.4615384,1.3076923
2021-06-05T14:00:00Z,0.2653846,0.25384614,14.015385,13.73,5.923077,7.6153846
2021-06-06T14:00:00Z,0.5538461,0.16153845,15.415384,5.604615,3.3076923,5.6153846
2021-06-07T14:00:00Z,0.2,0.092307694,15.961538,2.7746153,6.6153846,6.8461537
2021-06-08T14:00:00Z,0.27692306,0.0,16.946154,8.427692,7.0,4.3846154
2021-06-09T14:00:00Z,0.18461539,0.0,17.692308,4.8638463,6.6923075,4.3846154
2021-06-10T14:00:00Z,0.81153846,0.0,18.9,5.84,2.0,1.3846154
2021-06-11T14:00:00Z,0.88461536,0.0,19.353846,0.81,1.3076923,1.4615384
2021-06-12T14:00:00Z,0.8230769,0.0,20.007692,0.009230769,2.1538463,3.5384614
2021-06-13T14:00:00Z,0.8,0.0,20.746155,0.0,1.0,0.07692308
2021-06-14T14:00:00Z,0.9,0.0,22.1,0.0015384615,1.0,0.0
2021-06-15T14:00:00Z,0.88846153,0.0,22.26923,0.0,1.4615384,2.0769231
2021-06-16T14:00:00Z,0.84615386,0.0,22.184616,0.0,2.8461537,5.0
2021-06-17T14:00:00Z,0.88846153,0.0,23.23077,0.98,2.1538463,3.1538463
2021-06-18T14:00:00Z,0.77692306,0.0,23.761538,5.656923,2.4615386,1.3076923
2021-06-19T14:00:00Z,0.85384613,0.0,24.707691,0.94846153,1.7692307,2.8461537
2021-06-20T14:00:00Z,0.29615384,0.0,22.23846,3.320769,7.6923075,5.6923075
2021-06-21T14:00:00Z,0.73846155,0.0,20.584616,13.551538,3.3076923,2.6153846
2021-06-22T14:00:00Z,0.7192308,0.0,18.653847,15.44,2.2307692,3.3076923
2021-06-23T14:00:00Z,0.61538464,0.0,19.753845,11.304615,5.230769,7.0
2021-06-24T14:00:00Z,0.45384616,0.0,16.7,9.176923,4.8461537,5.1538463
2021-06-25T14:00:00Z,0.74230766,0.0,16.853846,9.871538,2.2307692,3.4615386
2021-06-26T14:00:00Z,0.88846153,0.0,19.73846,0.30076924,1.5384616,1.7692307
2021-06-27T14:00:00Z,0.7923077,0.0,21.538462,0.22153845,2.3076923,3.3076923
2021-06-28T14:00:00Z,0.54615384,0.0,22.16154,5.873077,5.076923,4.230769
2021-06-29T14:00:00Z,0.21153846,0.0,18.23077,32.978462,8.692307,3.6153846
2021-06-30T14:00:00Z,0.46153846,0.0,15.346154,10.67,3.8461537,4.923077
2021-07-01T14:00:00Z,0.6423077,0.0,16.953846,2.383846,2.3076923,3.6923077
2021-07-02T14:00:00Z,0.85,0.0,18.584616,0.032307692,1.1538461,0.53846157
2021-07-03T14:00:00Z,0.0,0.0,18.384615,2.8576922,5.4615383,8.0
2021-07-04T14:00:00Z,0.1923077,0.0,16.592308,5.6923075,5.6923075,8.0
2021-07-05T14:00:00Z,0.7076923,0.0,20.107693,4.3,2.6923077,4.6153846
2021-07-06T14:00:00Z,0.53846157,0.0,19.653847,4.66,3.8461537,6.5384617
2021-07-07T14:00:00Z,0.6,0.0,18.146154,12.286154,3.8461537,5.0
2021-07-08T14:00:00Z,0.023076924,0.0,15.053846,38.564617,8.461538,7.4615383
2021-07-09T14:00:00Z,0.8076923,0.0,17.8,21.404615,1.6923077,1.8461539
2021-07-10T14:00:00Z,0.8384615,0.0,20.707693,0.0,1.2307693,1.2307693
2021-07-11T14:00:00Z,0.86153847,0.0,19.015385,9.456154,1.0769231,0.46153846
2021-07-12T14:00:00Z,0.73846155,0.0,21.523077,0.071538456,2.4615386,3.9230769
2021-07-13T14:00:00Z,0.19615385,0.0,13.707692,32.863075,7.6923075,7.923077
2021-07-14T14:00:00Z,0.49615386,0.0,14.515385,14.1753845,4.3846154,5.076923
2021-07-15T14:00:00Z,0.2423077,0.0,14.961538,12.624616,4.923077,7.5384617
2021-07-16T14:00:00Z,0.41923076,0.0,16.73846,8.595385,5.0,6.769231
2021-07-17T14:00:00Z,0.7153846,0.0,19.861538,0.8576923,2.3076923,3.6923077
2021-07-18T14:00:00Z,0.6769231,0.0,20.553846,0.64307696,2.2307692,3.3846154
2021-07-19T14:00:00Z,0.84615386,0.0,22.330769,0.039230768,1.0,0.0
2021-07-20T14:00:00Z,0.88846153,0.0,22.038462,0.0,1.0,0.07692308
2021-07-21T14:00:00Z,0.81923074,0.0,22.269232,0.09615385,2.2307692,1.5384616
2021-07-22T14:00:00Z,0.8230769,0.0,21.892307,2.910769,1.5384616,1.5384616
2021-07-23T14:00:00Z,0.8423077,0.0,23.192308,3.2292309,2.2307692,0.9230769
2021-07-24T14:00:00Z,0.14615385,0.0,21.26154,8.970769,11.307693,5.4615383
2021-07-25T14:00:00Z,0.36923078,0.0,18.3,26.034615,6.923077,5.4615383
2021-07-26T14:00:00Z,0.3,0.0,19.930769,24.80077,8.692307,5.1538463
2021-07-27T14:00:00Z,0.6423077,0.0,19.446154,21.990768,3.3846154,6.230769
2021-07-28T14:00:00Z,0.43461537,0.0,16.992308,29.74,4.5384617,6.230769
2021-07-29T14:00:00Z,0.90384614,0.0,20.915384,0.5846154,1.0,0.0
2021-07-30T14:00:00Z,0.51153845,0.0,22.138462,4.851538,5.5384617,3.0769231
2021-07-31T14:00:00Z,0.2923077,0.0,19.746155,12.266923,10.0,5.6923075
2021-08-01T14:00:00Z,0.08461539,0.0,13.507692,31.045385,5.8461537,8.0
2021-08-02T14:00:00Z,0.61153847,0.0,16.569231,1.54,3.9230769,2.7692308
2021-08-03T14:00:00Z,0.17307693,0.0,16.253845,9.164616,6.5384617,8.0
2021-08-04T14:00:00Z,0.115384616,0.0,13.023077,19.063847,5.5384617,8.0
2021-08-05T14:00:00Z,0.63846153,0.0,17.538462,14.588462,2.5384614,3.0
2021-08-06T14:00:00Z,0.85384613,0.0,19.5,0.23307692,1.9230769,2.3846154
2021-08-07T14:00:00Z,0.12692308,0.0,16.807692,5.266923,5.6923075,7.4615383
2021-08-08T14:00:00Z,0.7076923,0.0,17.046154,19.336924,2.1538463,2.7692308
2021-08-09T14:00:00Z,0.68846154,0.0,19.53077,0.16384615,3.0769231,2.9230769
2021-08-10T14:00:00Z,0.8769231,0.0,21.53077,0.22,1.1538461,0.61538464
2021-08-11T14:00:00Z,0.88846153,0.0,23.076923,1.426923,1.1538461,0.46153846
2021-08-12T14:00:00Z,0.8153846,0.0,24.392307,0.0,1.2307693,0.53846157
2021-08-13T14:00:00Z,0.75384617,0.0,24.484615,6.1076922,3.2307692,2.9230769
2021-08-14T14:00:00Z,0.7923077,0.0,25.523077,0.026153848,1.5384616,0.15384616
2021-08-15T14:00:00Z,0.5192308,0.0,25.284615,3.6969233,5.1538463,1.3076923
2021-08-16T14:00:00Z,0.33076924,0.0,17.084616,22.62077,6.3846154,5.3846154
2021-08-17T14:00:00Z,0.8153846,0.0,17.76154,6.5876927,1.6923077,2.0
2021-08-18T14:00:00Z,0.8153846,0.0,17.515385,0.037692305,1.6923077,1.7692307
2021-08-19T14:00:00Z,0.83461535,0.0,18.415384,0.0,2.0,2.6153846
2021-08-20T14:00:00Z,0.8769231,0.0,20.1,0.0,1.5384616,1.5384616
2021-08-21T14:00:00Z,0.86153847,0.0,22.13077,0.0,1.2307693,0.84615386
2021-08-22T14:00:00Z,0.61923075,0.0,18.961538,5.6553845,3.7692308,7.230769
2021-08-23T14:00:00Z,0.7807692,0.0,17.692308,3.853846,1.4615384,1.3846154
2021-08-24T14:00:00Z,0.7653846,0.0,17.86923,0.00076923077,1.7692307,2.1538463
2021-08-25T14:00:00Z,0.8153846,0.0,17.446154,4.706923,1.5384616,1.6153846
2021-08-26T14:00:00Z,0.77692306,0.0,17.86923,0.0038461538,1.8461539,2.3076923
2021-08-27T14:00:00Z,0.7692308,0.0,15.092308,0.19923078,1.4615384,1.3076923
2021-08-28T14:00:00Z,0.6269231,0.0,14.538462,0.14846154,2.8461537,3.3846154
2021-08-29T14:00:00Z,0.50384617,0.0,14.046154,1.3384615,3.2307692,5.5384617
2021-08-30T14:00:00Z,0.5923077,0.0,14.853846,0.9338462,3.4615386,4.6153846
2021-08-31T14:00:00Z,0.7923077,0.0,15.7615385,0.54615384,1.3076923,0.9230769
2021-09-01T14:00:00Z,0.8269231,0.0,18.03077,0.15923077,3.1538463,0.15384616
2021-09-02T14:00:00Z,0.88461536,0.0,18.646154,0.026923077,1.0,0.07692308
2021-09-03T14:00:00Z,0.85,0.0,18.26923,0.0,2.2307692,3.6153846
2021-09-04T14:00:00Z,0.45,0.0,18.523077,2.0869231,6.8461537,2.7692308
2021-09-05T14:00:00Z,0.86538464,0.0,19.330769,3.3484616,1.6153846,0.53846157
2021-09-06T14:00:00Z,0.86153847,0.0,19.376923,2.9223077,2.0,1.2307693
2021-09-07T14:00:00Z,0.9269231,0.0,19.3,0.1676923,1.6153846,1.9230769
2021-09-08T14:00:00Z,0.8076923,0.0,18.73077,0.0015384615,2.0769231,2.9230769
2021-09-09T14:00:00Z,0.65384614,0.0,18.515385,3.0361538,2.6923077,3.7692308
2021-09-10T14:00:00Z,0.6576923,0.0,17.569231,2.496923,3.5384614,6.6153846
2021-09-11T14:00:00Z,0.8153846,0.0,17.923077,2.3592308,2.1538463,2.0
2021-09-12T14:00:00Z,0.86538464,0.0,18.746155,0.6346154,1.7692307,2.4615386
2021-09-13T14:00:00Z,0.91923076,0.0,19.853846,0.0,1.0769231,0.53846157
2021-09-14T14:00:00Z,0.7346154,0.0,20.215385,0.16846153,3.2307692,5.6923075
2021-09-15T14:00:00Z,0.3,0.0,18.2,6.9715385,6.6923075,6.6923075
2021-09-16T14:00:00Z,0.28846154,0.0,16.892307,15.828462,6.5384617,7.6153846
2021-09-17T14:00:00Z,0.86538464,0.0,17.5,9.383077,1.0769231,0.23076923
2021-09-18T14:00:00Z,0.85384613,0.0,17.092308,0.32538462,1.4615384,1.7692307
2021-09-19T14:00:00Z,0.046153847,0.0,9.961538,30.902308,5.769231,7.3846154
2021-09-20T14:00:00Z,0.28076923,0.0,12.400001,5.153077,6.076923,8.0
2021-09-21T14:00:00Z,0.8,0.0,14.838461,1.0915384,1.3846154,1.1538461
2021-09-22T14:00:00Z,0.7807692,0.0,15.576923,0.0015384615,1.6923077,2.1538463
2021-09-23T14:00:00Z,0.86153847,0.0,18.83846,0.0,1.2307693,0.61538464
2021-09-24T14:00:00Z,0.9230769,0.0,17.561539,0.0,1.0,0.0
2021-09-25T14:00:00Z,0.7307692,0.0,18.823076,0.026923077,3.2307692,4.3076925
2021-09-26T14:00:00Z,0.5192308,0.0,17.346153,6.9923077,4.4615383,5.230769
2021-09-27T14:00:00Z,0.63461536,0.0,16.16154,2.0507693,5.923077,6.1538463
2021-09-28T14:00:00Z,0.66923076,0.0,16.423077,0.17615384,3.4615386,6.6923075
2021-09-29T14:00:00Z,0.5653846,0.0,14.653846,4.246923,2.9230769,4.3846154
2021-09-30T14:00:00Z,0.7846154,0.0,14.823076,0.15461539,1.5384616,1.5384616
2021-10-01T14:00:00Z,0.7730769,0.0,16.192308,0.0015384615,1.4615384,1.4615384
2021-10-02T14:00:00Z,0.74615383,0.0,16.276922,0.03153846,1.9230769,2.6153846
2021-10-03T14:00:00Z,0.32307693,0.0,13.876924,1.5915384,5.1538463,8.0
2021-10-04T14:00:00Z,0.20384616,0.0,12.438461,15.548462,4.5384617,8.0
2021-10-05T14:00:00Z,0.18076923,0.0,11.407692,24.910769,4.923077,7.4615383
2021-10-06T14:00:00Z,0.32692307,0.30769232,9.053846,5.536154,3.6153846,3.6923077
2021-10-07T14:00:00Z,0.54615384,0.15384616,11.184615,1.2438462,2.2307692,3.1538463
2021-10-08T14:00:00Z,0.75384617,0.0,13.607693,0.0,1.4615384,1.3076923
2021-10-09T14:00:00Z,0.6807692,0.0,12.16923,0.0076923077,1.1538461,0.61538464
2021-10-10T14:00:00Z,0.6769231,0.0,11.3,0.0,1.0,0.0
2021-10-11T14:00:00Z,0.63846153,0.06153846,12.130769,0.0,2.0769231,3.1538463
2021-10-12T14:00:00Z,0.4,0.06153846,8.892307,0.053076923,3.6153846,7.076923
2021-10-13T14:00:00Z,0.4846154,0.34615386,8.892307,1.7946154,1.9230769,3.1538463
2021-10-14T14:00:00Z,0.64615387,0.07692308,11.16923,0.0,1.0769231,0.15384616
2021-10-15T14:00:00Z,0.63461536,0.07692308,12.33077,0.0,2.3076923,3.9230769
2021-10-16T14:00:00Z,0.7192308,0.0,12.538462,0.006153846,1.0,0.0
2021-10-17T14:00:00Z,0.7846154,0.0,13.246154,0.0,1.0,0.0
2021-10-18T14:00:00Z,0.8,0.0,14.207692,0.0015384615,1.3846154,1.5384616
2021-10-19T14:00:00Z,0.61538464,0.0,13.938461,0.18,3.6923077,7.0
2021-10-20T14:00:00Z,0.6615385,0.0,15.153847,0.0,2.6153846,4.923077
2021-10-21T14:00:00Z,0.5346154,0.0,11.607693,3.593846,1.6923077,2.0
2021-10-22T14:00:00Z,0.63461536,0.0,10.607693,0.078461535,1.0,0.0
2021-10-23T14:00:00Z,0.64615387,0.0,11.861538,0.0,1.0,0.0
2021-10-24T14:00:00Z,0.7730769,0.0,12.953846,0.0,1.0,0.0
2021-10-25T14:00:00Z,0.63076925,0.0,12.223077,0.016153846,2.3846154,3.5384614
2021-10-26T14:00:00Z,0.5923077,0.0,10.461538,0.17999999,2.0769231,2.9230769
2021-10-27T14:00:00Z,0.7076923,0.0,12.3,0.0,1.0,0.07692308
2021-10-28T14:00:00Z,0.75384617,0.0,12.992308,0.0,1.1538461,0.53846157
2021-10-29T14:00:00Z,0.6,0.0,11.623077,0.0,2.1538463,3.4615386
2021-10-30T14:00:00Z,0.115384616,0.0,7.746154,2.983077,5.6923075,8.0
2021-10-31T14:00:00Z,0.5192308,0.0,11.453846,1.83,2.8461537,4.769231
2021-11-01T14:00:00Z,0.12307692,0.3230769,5.8461537,19.321539,4.6923075,7.076923
2021-11-02T14:00:00Z,0.26923075,0.8692308,6.9,4.0684614,4.230769,4.3076925
2021-11-03T14:00:00Z,0.03846154,1.9923077,4.315385,6.7015386,6.1538463,8.0
2021-11-04T14:00:00Z,0.21153846,5.753846,3.876923,13.95,3.3846154,5.6153846
2021-11-05T14:00:00Z,0.30769232,7.353846,5.2384615,0.08846153,1.5384616,1.3846154
2021-11-06T14:00:00Z,0.27307692,7.0153847,6.1769233,0.0038461538,1.5384616,1.4615384
2021-11-07T14:00:00Z,0.37692308,5.753846,6.9461536,0.0,1.5384616,1.4615384
2021-11-08T14:00:00Z,0.23461539,5.3615384,6.8923078,0.0,1.6923077,2.3076923
2021-11-09T14:00:00Z,0.26153848,4.838462,8.653847,0.023846153,2.1538463,2.6153846
2021-11-10T14:00:00Z,0.2846154,4.2153845,9.3,0.26999998,3.8461537,7.1538463
2021-11-11T14:00:00Z,0.54615384,2.476923,10.592308,0.056153845,2.4615386,4.5384617
2021-11-12T14:00:00Z,0.5423077,1.9846154,10.546154,0.0,1.6153846,1.8461539
2021-11-13T14:00:00Z,0.13076924,2.146154,5.323077,0.82153845,5.3846154,7.923077
2021-11-14T14:00:00Z,0.15,5.1153846,5.5307693,15.701538,4.230769,7.3076925
2021-11-15T14:00:00Z,0.23461539,4.9615383,6.976923,4.0376925,4.8461537,7.6923075
2021-11-16T14:00:00Z,0.32692307,4.669231,6.753846,0.41923076,3.3846154,6.3846154
2021-11-17T14:00:00Z,0.23076923,4.523077,5.5384617,2.01,3.9230769,7.769231
2021-11-18T14:00:00Z,0.31538463,4.084615,7.276923,0.0,2.3076923,3.5384614
2021-11-19T14:00:00Z,0.44615385,3.9615383,8.7,0.0,1.6153846,1.6923077
2021-11-20T14:00:00Z,0.44615385,3.3461537,8.869231,0.0023076923,1.6153846,1.5384616
2021-11-21T14:00:00Z,0.43076923,3.2692308,6.5307693,0.0,2.5384614,4.1538463
2021-11-22T14:00:00Z,0.21153846,3.7307692,4.4076924,2.1638463,4.230769,7.923077
2021-11-23T14:00:00Z,0.3846154,3.676923,6.030769,1.2861538,1.3076923,1.1538461
2021-11-24T14:00:00Z,0.3,3.7692308,5.792308,0.0,1.3076923,0.7692308
2021-11-25T14:00:00Z,0.053846154,3.7615385,3.4615386,0.6253846,4.6153846,8.0
2021-11-26T14:00:00Z,0.13461538,4.4923077,2.0153847,1.6330769,3.5384614,6.769231
2021-11-27T14:00:00Z,0.12692308,5.415385,1.6923077,1.78,2.4615386,4.0
2021-11-28T14:00:00Z,0.073076926,7.9538465,-0.4615384,6.153077,4.4615383,7.3846154
2021-11-29T14:00:00Z,0.06923077,9.723077,-1.4384615,1.3053846,3.9230769,5.5384617
2021-11-30T14:00:00Z,0.1,10.246154,1.2230769,0.8830769,4.1538463,6.3846154
2021-12-01T14:00:00Z,0.07307692,10.615384,3.623077,2.4861538,4.3076925,7.923077
2021-12-02T14:00:00Z,0.10769231,10.138461,1.2076923,1.7492307,5.230769,6.769231
2021-12-03T14:00:00Z,0.10769231,11.369231,0.0461539,0.54923075,1.6153846,1.8461539
2021-12-04T14:00:00Z,0.042307694,15.546154,2.9769232,13.070769,5.6153846,8.0
2021-12-05T14:00:00Z,0.10769231,17.707693,0.16153845,4.7253847,3.8461537,6.769231
2021-12-06T14:00:00Z,0.08846154,17.1,0.04615385,0.7192308,1.7692307,2.0
2021-12-07T14:00:00Z,0.10769231,18.561539,1.7923076,2.4338462,1.5384616,1.7692307
2021-12-08T14:00:00Z,0.0,22.961538,-0.9846154,10.42077,6.4615383,8.0
2021-12-09T14:00:00Z,0.042307694,28.484615,-0.6153846,6.399231,3.3846154,6.3846154
2021-12-10T14:00:00Z,0.0,30.692308,-1.1076922,3.6023078,5.4615383,8.0
2021-12-11T14:00:00Z,0.03846154,32.869232,0.22307697,3.0369232,3.0,4.769231
2021-12-12T14:00:00Z,0.053846154,31.207693,2.4461539,0.12769231,3.0,5.5384617
2021-12-13T14:00:00Z,0.12307692,27.046154,5.3692307,0.0,1.3846154,1.0769231
2021-12-14T14:00:00Z,0.12307692,25.746155,5.5,0.0,3.7692308,4.3846154
2021-12-15T14:00:00Z,0.10769231,25.63077,5.0153847,0.0015384615,1.9230769,2.8461537
2021-12-16T14:00:00Z,0.10769231,23.361538,5.046154,0.0,1.6153846,1.5384616
2021-12-17T14:00:00Z,0.10769231,23.807693,5.0307693,0.0,1.6153846,1.6153846
2021-12-18T14:00:00Z,0.10769231,23.653847,5.7615385,0.0,1.1538461,0.3846154
2021-12-19T14:00:00Z,0.10769231,23.061539,3.8,0.0,1.6153846,1.5384616
2021-12-20T14:00:00Z,0.10384615,23.592308,3.7384615,0.0,1.5384616,1.3076923
2021-12-21T14:00:00Z,0.03846154,21.823078,1.4769231,0.0,2.0769231,2.8461537
2021-12-22T14:00:00Z,0.0,21.853848,0.80769235,0.0015384615,2.0769231,2.7692308
2021-12-23T14:00:00Z,0.0,22.03077,3.4307692,0.0,3.8461537,7.4615383
2021-12-24T14:00:00Z,0.11923077,22.46923,3.5615385,0.19692308,3.5384614,6.6153846
2021-12-25T14:00:00Z,0.057692308,22.66154,3.8923078,0.9869231,4.3076925,8.0
2021-12-26T14:00:00Z,0.07692308,21.692308,3.7692308,8.601539,4.4615383,7.769231
2021-12-27T14:00:00Z,0.01923077,21.569231,3.2923076,1.6707692,4.8461537,8.0
2021-12-28T14:00:00Z,0.08846154,23.638462,4.753846,11.106923,4.8461537,7.6153846
2021-12-29T14:00:00Z,0.12307693,26.484615,4.8230767,12.987692,5.6923075,7.8461537
2021-12-30T14:00:00Z,0.33461538,25.961538,9.492308,5.7315383,3.0,5.769231
2021-12-31T14:00:00Z,0.31538463,24.83846,9.907692,0.0,1.3846154,1.0769231
